{"cameraMode":{"drawMode":0,"name":"Shaded","section":"Shading Mode"},"sceneLighting":true,"audioPlay":false,"sceneViewState":{"m_AlwaysRefresh":false,"showFog":true,"showSkybox":true,"showFlares":true,"showImageEffects":true,"showParticleSystems":true,"showVisualEffectGraphs":true,"m_FxEnabled":true},"in2DMode":false,"pivot":{"x":-0.1534411907196045,"y":1.7399958372116089,"z":-4.610050201416016},"rotation":{"x":0.018959011882543565,"y":0.16279266774654389,"z":0.0029790960252285005,"w":-0.9865373373031616},"size":4.579868793487549,"orthographic":false}